Date,Type,Route Name,Distance (km),Duration,Average Pace,Average Speed (km/h),Calories Burned,Climb (m),Average Heart Rate (bpm),Notes,GPX File
2016-11-20 14:38:10,Running,,14.72,1:12:36,4:56,12.16,1189.0,326,,,2016-11-20-1438.gpx
2016-11-08 21:04:17,Running,,14.23,1:15:04,5:17,11.37,1089.83518781726,0,,,
2016-11-05 12:03:03,Running,,11.69,56:41,4:51,12.37,865.0,107,,,2016-11-05-1203.gpx
2016-11-03 21:07:07,Running,,8.67,45:00,5:11,11.56,668.199746192893,0,,,
2016-11-01 13:00:04,Running,,10.34,1:02:03,6:00,9.99,824.0,209,,,2016-11-01-1300.gpx
2016-10-30 15:22:50,Running,,14.13,1:11:07,5:02,11.92,1140.0,300,,,2016-10-30-1522.gpx
2016-10-28 19:34:28,Running,,9.88,49:53,5:03,11.88,776.0,190,,,2016-10-28-1934.gpx
2016-10-20 21:25:47,Running,,7.60,37:36,4:57,12.13,595.752,0,,,
2016-10-15 18:11:03,Running,,20.66,1:55:21,5:35,10.74,1653.0,421,,,2016-10-15-1811.gpx
2016-10-12 21:28:29,Running,,7.04,35:00,4:58,12.07,551.325,0,,,
2016-10-10 19:25:10,Running,,11.48,57:08,4:59,12.05,922.0,244,,,2016-10-10-1925.gpx
2016-10-09 12:52:17,Rowing,,5.98,25:00,4:11,14.35,321.5,0,,,
2016-10-08 16:22:33,Running,,5.17,22:43,4:24,13.65,388.0,34,,,2016-10-08-1622.gpx
2016-10-03 21:22:21,Running,,10.00,48:38,4:52,12.34,786.4935,0,,,
2016-10-02 12:42:48,Running,,8.20,49:51,6:05,9.87,579.0,85,,,2016-10-02-1242.gpx
2016-09-30 20:07:28,Running,,10.47,50:24,4:49,12.46,825.0705,0,,,
2016-09-29 20:55:48,Running,,5.02,24:30,4:53,12.29,394.5525,0,,,
2016-09-24 19:02:09,Running,,4.03,20:04,4:59,12.05,315.43089912159,0,,,
2016-09-19 19:27:22,Running,,9.13,45:31,4:59,12.03,704.0,121,,,2016-09-19-1927.gpx
2016-09-17 13:18:59,Running,,13.58,1:06:02,4:52,12.33,1099.0,277,,,2016-09-17-1318.gpx
2016-09-12 20:46:05,Running,,4.04,18:45,4:38,12.93,319.6375,0,,,
2016-09-11 10:20:47,Running,,9.74,1:01:53,6:21,9.45,767.0,188,,,2016-09-11-1020.gpx
2016-09-09 20:40:04,Running,,5.00,22:36,4:31,13.27,390.641341176471,0,,,
2016-09-07 19:31:15,Running,,12.98,1:07:17,5:11,11.57,1047.0,262,,,2016-09-07-1931.gpx
2016-08-14 10:44:53,Running,,8.89,45:12,5:05,11.80,673.0,44,,,2016-08-14-1044.gpx
2016-08-05 19:23:05,Running,,9.17,45:08,4:55,12.19,717.0,165,,,2016-08-05-1923.gpx
2016-07-31 13:28:36,Running,,9.24,1:00:36,6:34,9.14,700.0,77,,,2016-07-31-1328.gpx
2016-07-30 14:15:26,Running,,14.72,1:00:24,4:06,14.62,978.0,122,,"GPS complètement fou au départ ",2016-07-30-1415.gpx
2016-07-24 18:29:25,Running,,12.05,1:01:50,5:08,11.69,972.0,270,,"Chaleur !",2016-07-24-1829.gpx
2016-07-23 15:41:44,Running,,6.38,30:00,4:42,12.76,504.975,0,,,
2016-07-12 19:40:30,Running,,14.32,1:08:46,4:48,12.49,1157.0,308,,,2016-07-12-1940.gpx
2016-07-10 15:56:08,Running,,9.11,48:49,5:22,11.19,694.0,67,,,2016-07-10-1556.gpx
2016-07-04 20:57:54,Running,,6.54,30:00,4:35,13.08,514.549411764706,0,,,
2016-06-29 19:32:46,Running,,12.81,1:02:17,4:52,12.34,1037.0,288,,,2016-06-29-1932.gpx
2016-06-23 20:41:59,Running,,5.36,25:00,4:40,12.86,424.875,0,,,
2016-06-18 13:55:47,Running,,12.24,1:08:00,5:33,10.80,965.0,204,,"Quel pied d'avoir ce cadre pour courir !",2016-06-18-1355.gpx
2016-06-10 12:09:52,Running,,7.42,45:53,6:11,9.69,591.0,161,,,2016-06-10-1209.gpx
2016-06-05 19:40:37,Running,,10.39,54:32,5:15,11.43,798.0,96,,,2016-06-05-1940.gpx
2016-05-29 09:07:46,Running,,10.17,43:25,4:16,14.04,773.0,99,,,2016-05-29-0907.gpx
2016-05-27 07:31:11,Running,,6.02,29:59,4:59,12.03,449.0,82,,,2016-05-27-0731.gpx
2016-05-25 07:35:42,Running,,8.80,43:57,5:00,12.01,700.0,163,,,2016-05-25-0735.gpx
2016-05-22 18:50:37,Running,,10.02,59:50,5:58,10.04,759.0,93,,,2016-05-22-1850.gpx
2016-05-20 19:16:58,Running,,11.86,53:48,4:32,13.22,873.0,111,,,2016-05-20-1916.gpx
2016-05-15 11:25:53,Running,,9.11,54:46,6:01,9.97,692.0,65,,,2016-05-15-1125.gpx
2016-05-13 07:32:25,Running,,9.91,45:22,4:35,13.10,746.0,142,,,2016-05-13-0732.gpx
2016-05-11 21:09:59,Running,,7.02,32:56,4:41,12.79,555.867,0,,,
2016-05-08 13:28:44,Running,,10.72,53:36,5:00,12.00,820.0,91,,,2016-05-08-1328.gpx
2016-05-07 15:29:05,Running,,3.17,15:27,4:52,12.31,249.21525,0,,,
2016-05-03 21:20:08,Running,,8.44,40:00,4:44,12.66,667.05,0,,,
2016-05-01 14:30:27,Running,,13.81,1:11:41,5:11,11.56,890.0,108,,"Merci le bug du GPS",2016-05-01-1430.gpx
2016-04-27 21:08:53,Running,,7.36,35:00,4:45,12.62,581.325,0,,,
2016-04-22 19:29:01,Running,,9.55,45:12,4:44,12.67,702.0,103,,,2016-04-22-1929.gpx
2016-04-20 07:47:14,Running,,9.33,44:40,4:47,12.53,723.0,157,,,2016-04-20-0747.gpx
2016-04-16 15:01:03,Running,,14.08,1:07:57,4:50,12.43,1080.0,119,,,2016-04-16-1501.gpx
2016-04-10 14:52:16,Running,,9.79,1:05:01,6:39,9.03,764.0,188,,,2016-04-10-1452.gpx
2016-04-08 21:04:06,Running,,7.72,35:14,4:34,13.15,605.921070588235,0,,,
2016-04-08 21:02:59,Running,,,35:14,,,50.736,0,,,
2016-04-07 08:32:40,Rowing,,7.08,30:00,4:14,14.16,381.0,0,,,
2016-04-03 14:04:00,Running,,8.86,50:50,5:44,10.46,625.0,93,,,2016-04-03-1404.gpx
2016-04-01 20:34:47,Running,,6.01,27:31,4:35,13.10,472.424194117647,0,,,
2016-03-28 12:24:00,Running,,7.79,49:54,6:24,9.37,615.0,134,,,2016-03-28-1224.gpx
2016-03-24 20:30:17,Cycling,,16.27,30:00,1:51,32.54,604.8,0,,,
2016-03-22 20:30:10,Running,,6.01,27:39,4:36,13.04,473.514217647059,0,,,
2016-03-16 21:08:17,Running,,6.72,30:41,4:34,13.14,527.547547058824,0,,,
2016-03-13 15:27:20,Running,,9.37,1:03:46,6:48,8.81,707.0,183,,,2016-03-13-1527.gpx
2016-03-12 18:10:32,Running,,11.75,57:52,4:56,12.18,863.0,109,,,2016-03-12-1810.gpx
2016-03-10 21:12:28,Running,,5.49,25:13,4:36,13.06,432.209523529412,0,,,
2016-03-02 20:29:02,Running,,8.69,40:19,4:38,12.93,687.419394117647,0,,,
2016-02-28 14:36:47,Running,,14.24,1:08:47,4:50,12.42,1149.0,308,,,2016-02-28-1436.gpx
2016-02-25 21:30:30,Cycling,,15.24,30:00,1:58,30.48,566.0,0,,,
2016-02-23 20:56:58,Running,,6.40,30:00,4:41,12.80,506.85,0,,"Cardio",
2016-02-18 21:16:46,Running,,9.03,41:39,4:37,13.01,722.212957598039,0,,,
2016-02-15 21:17:15,Running,,5.42,25:10,4:39,12.92,434.875611928105,0,,,
2016-02-13 15:07:11,Cycling,,14.98,30:00,2:00,29.96,433.849019607843,0,,,
2016-02-08 19:57:14,Running,,11.88,57:16,4:49,12.44,977.0,266,,"Bonne sensation #Running #parisbynight ",2016-02-08-1957.gpx
2016-01-31 11:08:25,Running,,18.16,2:20:02,7:43,7.78,1546.0,813,,"Trail blanc des Vosges 2016",2016-01-31-1108.gpx
2016-01-27 20:06:26,Running,,12.11,56:13,4:39,12.92,991.0,285,,"Session référence #running #ParisByNight",2016-01-27-2006.gpx
2016-01-24 13:38:49,Running,,12.71,1:04:00,5:02,11.91,1039.0,264,,,2016-01-24-1338.gpx
2016-01-20 21:01:26,Running,,5.01,25:05,5:00,11.98,396.792634835026,0,,"Cardio",
2016-01-13 21:23:42,Running,,7.42,40:00,5:23,11.13,578.403333333333,0,,,
2016-01-10 13:54:11,Running,,8.22,48:51,5:57,10.09,594.0,82,,,2016-01-10-1354.gpx
2016-01-09 13:46:51,Running,,12.16,58:44,4:50,12.42,892.0,111,,"---",2016-01-09-1346.gpx
2016-01-06 21:21:39,Rowing,,7.03,30:00,4:16,14.06,383.756944444445,0,,,
2016-01-04 20:40:40,Running,,4.33,20:13,4:40,12.85,347.930927083333,0,,,
2015-12-31 15:03:47,Running,,9.23,47:15,5:07,11.71,746.0,170,,,2015-12-31-1503.gpx
2015-12-30 14:46:10,Running,,11.73,59:26,5:04,11.84,940.0,190,,,2015-12-30-1446.gpx
2015-12-28 11:27:48,Running,,16.15,1:21:20,5:02,11.91,1301.0,281,,,2015-12-28-1127.gpx
2015-12-26 11:37:42,Running,,15.10,1:16:43,5:05,11.81,1174.0,125,,"Manque d'énergie ",2015-12-26-1137.gpx
2015-12-24 11:38:06,Running,,12.09,1:00:21,4:59,12.02,946.0,115,,"Beaucoup de vent ",2015-12-24-1138.gpx
2015-12-21 20:53:49,Running,,5.61,28:16,5:02,11.91,443.278233502538,0,,,
2015-12-20 13:06:06,Running,,12.47,57:09,4:35,13.08,904.0,113,,,2015-12-20-1306.gpx
2015-12-18 19:50:56,Running,,11.32,56:02,4:57,12.11,938.0,267,,,2015-12-18-1950.gpx
2015-12-14 20:55:55,Running,,6.57,30:16,4:36,13.02,525.158707843137,0,,,
2015-12-08 21:36:18,Running,,4.50,22:35,5:01,11.96,356.092587246193,0,,,
2015-12-08 21:35:36,Rowing,,4.00,17:00,4:15,14.12,218.290277777778,0,,,
2015-12-03 20:06:16,Running,,15.29,1:15:50,4:58,12.10,1249.0,317,,"Bonne sortie ",2015-12-03-2006.gpx
2015-11-30 20:40:47,Running,,3.01,15:09,5:02,11.92,237.93107857445,0,,,
2015-11-29 14:29:29,Running,,10.13,49:55,4:56,12.18,754.0,98,,,2015-11-29-1429.gpx
2015-11-28 14:17:18,Running,,4.50,22:39,5:02,11.92,355.708040291878,0,,,
2015-11-25 19:39:23,Running,,14.15,1:08:36,4:51,12.37,1160.0,314,,,2015-11-25-1939.gpx
2015-11-19 19:54:50,Running,,16.32,1:22:36,5:04,11.85,1323.0,342,,"#Run #Paris #TourEiffel #BleuBlancRouge",2015-11-19-1954.gpx
2015-11-15 13:14:20,Running,,12.08,57:31,4:46,12.60,897.0,109,,"Ne pas vivre dans la peur de sortir #running #Paris #couleeverte #PrayForParis",2015-11-15-1314.gpx
2015-11-13 19:08:54,Running,,9.76,46:10,4:44,12.67,753.0,128,,,2015-11-13-1908.gpx
2015-11-10 19:55:41,Running,,12.57,59:48,4:46,12.60,1027.0,280,,,2015-11-10-1955.gpx
2015-11-08 18:03:57,Running,,7.52,53:52,7:10,8.37,559.0,41,,,2015-11-08-1803.gpx
2015-11-04 20:01:11,Running,,12.38,1:03:16,5:07,11.74,961.0,107,,,2015-11-04-2001.gpx
2015-10-27 20:23:43,Running,,9.82,47:41,4:51,12.36,756.0,53,,,2015-10-27-2023.gpx
2015-10-25 11:13:34,Running,,13.07,1:25:05,6:31,9.21,1004.0,107,,,2015-10-25-1113.gpx
2015-10-11 13:38:15,Running,,10.30,51:14,4:59,12.06,821.0,163,,,2015-10-11-1338.gpx
2015-10-08 20:13:12,Running,,9.01,42:20,4:42,12.77,717.0,160,,,2015-10-08-2013.gpx
2015-10-03 11:36:43,Running,,12.83,1:03:14,4:56,12.18,1035.0,280,,,2015-10-03-1136.gpx
2015-09-28 20:06:17,Running,,16.97,1:01:11,3:36,16.64,908.0,115,,"Gps qui débloque complètement ",2015-09-28-2006.gpx
2015-09-23 20:02:09,Running,,10.26,49:20,4:48,12.48,800.0,145,,,2015-09-23-2002.gpx
2015-09-17 20:12:19,Running,,11.55,52:15,4:32,13.26,873.0,168,,,2015-09-17-2012.gpx
2015-09-13 14:48:13,Running,,13.09,1:05:36,5:01,11.97,1075.0,286,,,2015-09-13-1448.gpx
2015-09-10 20:00:21,Running,,12.28,59:15,4:49,12.44,992.0,234,,,2015-09-10-2000.gpx
2015-09-01 20:30:34,Running,,15.64,1:14:27,4:46,12.60,1271.0,324,,,2015-09-01-2030.gpx
2015-08-29 17:53:41,Running,,9.32,48:11,5:10,11.60,724.0,85,,,2015-08-29-1753.gpx
2015-08-10 19:59:26,Running,,14.94,1:14:47,5:00,11.98,1223.0,301,,,2015-08-10-1959.gpx
2015-08-06 20:23:29,Running,,14.38,1:12:54,5:04,11.84,1138.0,225,,,2015-08-06-2023.gpx
2015-08-02 11:26:11,Running,,10.76,55:38,5:10,11.60,853.0,160,,,2015-08-02-1126.gpx
2015-07-28 20:04:50,Running,,10.65,50:37,4:45,12.63,865.0,201,,,2015-07-28-2004.gpx
2015-07-25 16:16:56,Running,,15.01,1:18:48,5:15,11.43,1161.0,190,,,2015-07-25-1616.gpx
2015-07-18 14:21:19,Running,,11.99,1:04:40,5:24,11.13,974.0,233,,,2015-07-18-1421.gpx
2015-07-07 19:38:53,Running,,10.02,47:57,4:47,12.54,802.0,181,,,2015-07-07-1938.gpx
2015-06-24 19:31:45,Running,,12.65,1:01:02,4:49,12.44,1025.0,252,,"Sous la chaleur de Paris ",2015-06-24-1931.gpx
2015-06-20 13:20:18,Running,,8.40,49:40,5:55,10.15,694.0,215,,,2015-06-20-1320.gpx
2015-06-14 09:13:07,Running,,10.06,44:21,4:24,13.62,785.0,100,,,2015-06-14-0913.gpx
2015-06-08 19:52:05,Running,,12.07,1:06:51,5:32,10.83,965.0,204,,,2015-06-08-1952.gpx
2015-06-06 11:41:13,Running,,8.63,56:21,6:32,9.19,637.0,121,,,2015-06-06-1141.gpx
2015-06-02 20:00:20,Running,,8.76,40:39,4:38,12.93,668.0,103,,,2015-06-02-2000.gpx
2015-05-24 15:24:42,Running,,10.07,45:35,4:31,13.26,772.0,113,,,2015-05-24-1524.gpx
2015-05-20 19:55:15,Running,,8.98,42:59,4:47,12.53,717.0,140,,,2015-05-20-1955.gpx
2015-05-02 15:23:17,Running,,10.93,56:22,5:10,11.63,882.0,186,,,2015-05-02-1523.gpx
2015-04-30 15:33:57,Running,,10.08,50:22,5:00,12.01,786.0,137,,,2015-04-30-1533.gpx
2015-04-27 18:12:46,Running,,10.29,50:22,4:54,12.26,810.0,163,,"Vent de face 25 premières minutes ",2015-04-27-1812.gpx
2015-04-25 19:07:02,Running,,12.52,1:00:20,4:49,12.45,1024.0,273,,,2015-04-25-1907.gpx
2015-04-23 19:41:08,Running,,9.28,45:16,4:53,12.30,681.0,82,,,2015-04-23-1941.gpx
2015-04-21 17:02:45,Running,,10.52,52:20,4:59,12.06,784.0,102,,,2015-04-21-1702.gpx
2015-04-20 18:25:54,Rowing,,5.52,25:00,4:32,13.25,302.645833333333,0,,,
2015-04-17 16:41:23,Running,,11.34,55:06,4:52,12.35,896.0,163,,"Vent de face entre 25 et 42, gênant. ",2015-04-17-1641.gpx
2015-04-13 18:34:29,Running,,12.06,1:00:13,5:00,12.01,981.0,259,,,2015-04-13-1834.gpx
2015-04-09 17:26:59,Running,,9.03,45:58,5:05,11.79,701.0,125,,,2015-04-09-1726.gpx
2015-04-07 18:28:48,Running,,11.07,55:13,4:59,12.02,869.0,170,,,2015-04-07-1828.gpx
2015-03-26 18:00:51,Rowing,,7.05,30:00,4:15,14.10,384.770833333333,0,,,
2015-03-22 17:06:38,Running,,15.08,1:16:40,5:05,11.80,1237.0,324,,"Best of #ParisMonuments  #Sunday #Running",2015-03-22-1706.gpx
2015-03-21 18:23:18,Rowing,,7.13,30:00,4:12,14.26,388.826388888889,0,,,
2015-03-19 18:24:15,Running,,8.77,42:42,4:52,12.32,693.0,140,,,2015-03-19-1824.gpx
2015-03-17 15:02:12,Running,,6.59,32:45,4:58,12.08,514.0,68,,,2015-03-17-1502.gpx
2015-03-10 19:00:56,Rowing,,9.00,38:18,4:15,14.10,491.19875,0,,,
2015-03-08 13:35:40,Running,,13.65,1:11:17,5:13,11.49,1107.0,279,,,2015-03-08-1335.gpx
2015-03-03 19:18:32,Running,,3.38,20:00,5:55,10.14,267.046085011186,0,,,
2015-03-03 18:50:21,Rowing,,7.07,30:00,4:15,14.14,385.784722222222,0,,,
2015-03-02 19:34:08,Running,,12.56,1:01:24,4:53,12.27,1023.0,260,,,2015-03-02-1934.gpx
2015-02-21 18:47:49,Rowing,,5.74,25:00,4:21,13.78,313.798611111111,0,,,
2015-02-18 20:04:40,Running,,9.93,45:37,4:36,13.06,750.0,125,,,2015-02-18-2004.gpx
2015-02-15 18:11:55,Running,,9.70,49:33,5:07,11.74,769.0,161,,,2015-02-15-1811.gpx
2015-02-11 19:32:59,Running,,12.64,1:02:05,4:55,12.21,1038.0,267,,,2015-02-11-1932.gpx
2015-02-07 12:34:02,Running,,9.37,1:01:08,6:31,9.20,733.697817321501,62,,,2015-02-07-1234.gpx
2015-01-30 17:43:05,Running,,11.97,1:00:29,5:03,11.87,930.528358335646,136,,,2015-01-30-1743.gpx
2015-01-28 12:00:27,Rowing,,9.00,39:18,4:22,13.74,492.11125,0,,,
2015-01-25 11:58:26,Running,,9.90,50:10,5:04,11.84,767.21883830438,115,,,2015-01-25-1158.gpx
2015-01-22 19:24:54,Rowing,,7.50,32:23,4:19,13.90,409.758125,0,,,
2015-01-19 18:34:46,Running,,12.14,1:00:02,4:57,12.13,952.732711452252,271,,,2015-01-19-1834.gpx
2015-01-15 19:39:21,Rowing,,7.01,30:00,4:17,14.02,382.743055555555,0,,,
2015-01-13 18:25:54,Running,,14.28,1:15:19,5:17,11.37,1112.9883871459,227,,,2015-01-13-1825.gpx
2015-01-08 12:30:21,Running,,9.02,42:48,4:45,12.64,722.630041666667,0,,,
2015-01-05 18:37:25,Rowing,,7.01,30:00,4:17,14.02,382.743055555555,0,,,
2014-12-28 11:38:10,Running,,7.17,40:29,5:39,10.62,574.064297926018,188,,,2014-12-28-1138.gpx
2014-12-24 18:22:11,Running,,3.22,15:00,4:40,12.88,265.84987745098,0,,,
2014-12-24 18:21:21,Rowing,,4.00,15:30,3:53,15.48,222.864583333333,0,,,
2014-12-24 18:20:36,Running,,3.30,15:00,4:33,13.20,269.28125,0,,,
2014-12-22 18:20:29,Rowing,,10.00,38:52,3:53,15.44,557.270833333333,0,,,
2014-11-12 18:39:16,Rowing,,8.00,35:58,4:30,13.35,450.385416666667,0,,,
2014-11-05 18:18:28,Rowing,,8.00,36:43,4:35,13.07,451.088541666667,0,,,
2014-10-13 18:17:43,Running,,12.84,1:02:39,4:53,12.29,1011.96374706799,1828,,,2014-10-13-1817.gpx
2014-10-05 10:01:40,Running,,21.73,1:40:39,4:38,12.96,1671.0,184,,,2014-10-05-1001.gpx
2014-10-02 12:02:22,Running,,6.52,35:16,5:25,11.09,533.0,137,,,2014-10-02-1202.gpx
2014-09-30 08:05:34,Running,,7.06,35:09,4:59,12.05,571.0,72,,,2014-09-30-0805.gpx
2014-09-27 11:32:09,Running,,15.11,1:14:24,4:55,12.19,1257.0,300,,,2014-09-27-1132.gpx
2014-09-22 19:40:58,Running,,8.53,41:46,4:54,12.26,630.0,78,,,2014-09-22-1940.gpx
2014-09-21 12:40:01,Running,,11.46,55:20,4:50,12.42,883.0,132,,,2014-09-21-1240.gpx
2014-09-19 18:32:10,Running,,15.62,1:21:00,5:11,11.57,1298.0,321,,,2014-09-19-1832.gpx
2014-09-15 19:13:09,Running,,13.20,1:00:17,4:34,13.14,979.0,142,,,2014-09-15-1913.gpx
2014-09-12 18:04:19,Running,,12.79,1:00:12,4:42,12.75,976.0,142,,,2014-09-12-1804.gpx
2014-09-08 18:00:49,Running,,21.52,1:37:11,4:31,13.28,1536.0,350,,"3 kms de trop, runkeeper a merdé. ",2014-09-08-1800.gpx
2014-09-02 18:15:58,Running,,12.84,1:00:14,4:41,12.79,1005.0,143,,"Moyenne sympa sur 1h",2014-09-02-1815.gpx
2014-08-31 16:05:58,Running,,16.32,1:21:39,5:00,11.99,1311.0,244,,,2014-08-31-1605.gpx
2014-08-30 16:23:44,Running,,4.15,23:06,5:34,10.77,330.0,40,,,2014-08-30-1623.gpx
2014-08-28 10:19:34,Running,,10.78,55:17,5:08,11.70,842.0,125,,,2014-08-28-1019.gpx
2014-08-26 18:27:34,Running,,9.74,50:12,5:09,11.64,776.0,95,,,2014-08-26-1827.gpx
2014-08-23 12:03:03,Running,,9.22,48:55,5:19,11.30,769.0,169,,,2014-08-23-1203.gpx
2014-08-21 18:43:46,Running,,16.41,1:22:06,5:00,11.99,1256.0,212,,,2014-08-21-1843.gpx
2014-08-14 18:29:21,Running,,9.35,47:13,5:03,11.87,745.0,46,,,2014-08-14-1829.gpx
2014-08-12 18:32:26,Running,,13.90,1:10:03,5:03,11.90,1106.0,65,,,2014-08-12-1832.gpx
2014-08-07 19:26:11,Running,,10.67,55:13,5:11,11.59,851.0,55,,,2014-08-07-1926.gpx
2014-08-05 18:58:13,Running,,9.60,48:32,5:03,11.87,766.0,54,,,2014-08-05-1858.gpx
2014-08-03 18:18:11,Running,,12.00,1:00:17,5:01,11.94,972.0,167,,,2014-08-03-1818.gpx
2014-07-31 17:59:34,Running,,9.78,50:15,5:08,11.67,1211.0,1387,,,2014-07-31-1759.gpx
2014-07-29 19:05:15,Running,,9.04,44:08,4:53,12.29,1182.0,1397,,,2014-07-29-1905.gpx
2014-07-25 18:47:24,Running,,12.07,1:02:17,5:10,11.63,993.0,185,,,2014-07-25-1847.gpx
2014-07-23 18:43:14,Rowing,,6.60,30:00,4:33,13.20,376.833333333333,0,,,
2014-07-21 18:34:23,Running,,8.10,45:05,5:34,10.77,654.0,94,,,2014-07-21-1834.gpx
2014-07-16 19:01:18,Running,,9.92,51:10,5:10,11.63,814.0,151,,,2014-07-16-1901.gpx
2014-07-11 10:59:22,Running,,10.32,52:51,5:07,11.71,845.0,183,,,2014-07-11-1059.gpx
2014-07-07 20:11:00,Running,,10.04,50:14,5:00,11.99,814.0,158,,,2014-07-07-2011.gpx
2014-07-03 12:15:12,Running,,7.90,37:00,4:41,12.81,660.503333333333,0,,,
2014-06-29 11:30:11,Running,,11.50,55:00,4:47,12.55,957.758333333333,0,,,
2014-06-25 18:08:52,Running,,10.77,51:08,4:45,12.63,858.0,163,,,2014-06-25-1808.gpx
2014-06-10 19:34:59,Running,,10.22,45:08,4:25,13.59,762.0,151,,"Prêt pour dimanche ! ",2014-06-10-1934.gpx
2014-06-08 10:02:00,Running,,6.60,33:42,5:06,11.75,533.0,71,,,2014-06-08-1002.gpx
2014-06-05 15:51:16,Running,,6.18,30:00,4:51,12.36,460.0,0,,,
2014-06-02 17:44:25,Running,,10.42,56:04,5:23,11.15,835.0,109,,,2014-06-02-1744.gpx
2014-06-01 14:18:58,Running,,8.78,50:14,5:43,10.49,696.0,109,,,2014-06-01-1418.gpx
2014-05-30 12:45:37,Running,,14.07,1:17:18,5:30,10.92,1162.0,202,,,2014-05-30-1245.gpx
2014-05-28 18:30:41,Rowing,,10.00,45:46,4:35,13.11,571.256111111111,0,,,
2014-05-26 18:00:47,Running,,10.31,53:31,5:11,11.56,851.0,163,,,2014-05-26-1800.gpx
2014-05-20 20:25:28,Rowing,,6.47,30:06,4:39,12.90,370.067222222222,0,,,
2014-05-19 18:42:47,Running,,8.67,45:46,5:17,11.37,702.0,99,,,2014-05-19-1842.gpx
2014-05-16 17:16:20,Running,,5.84,30:00,5:08,11.68,476.965905245347,0,,,
2014-04-26 15:55:08,Running,,11.30,54:00,4:47,12.56,941.244166666667,0,,,
2014-04-14 18:55:53,Running,,10.55,53:03,5:02,11.93,870.0,171,,,2014-04-14-1855.gpx
2014-04-10 19:11:08,Rowing,,6.75,30:00,4:27,13.50,384.75,0,,,
2014-04-05 16:43:41,Running,,9.80,49:28,5:03,11.89,798.0,158,,,2014-04-05-1643.gpx
2014-04-01 20:22:08,Running,,3.50,20:00,5:43,10.50,286.946756152125,0,,"Profil cardio",
2014-04-01 20:19:02,Running,,0.00,0:00,,,0.0,0,,,
2014-04-01 20:19:02,Running,,0.00,0:00,,,0.0,0,,,
2014-04-01 18:18:59,Rowing,,6.62,30:00,4:32,13.24,377.888888888889,0,,,
2014-03-29 17:25:48,Running,,11.32,1:00:06,5:19,11.30,931.0,181,,,2014-03-29-1725.gpx
2014-03-26 19:43:44,Rowing,,6.44,30:00,4:40,12.88,513.0,0,,,
2014-03-16 17:32:24,Running,,12.30,1:03:43,5:11,11.58,1009.0,195,,,2014-03-16-1732.gpx
2014-03-10 18:23:02,Running,,10.59,54:55,5:11,11.57,857.0,184,,"Point de côté des le début. Très difficile d'avancer. ",2014-03-10-1823.gpx
2014-03-03 19:29:35,Running,,11.22,57:12,5:06,11.77,912.0,188,,"Point de côté dès le départ. Très difficile d'avancer. ",2014-03-03-1929.gpx
2014-02-26 18:30:45,Other,,6.48,30:00,4:38,12.96,515.0,0,,,
2014-02-13 19:15:35,Rowing,,7.19,35:00,4:52,12.33,837.9,0,,,
2014-02-10 18:27:57,Running,,10.02,50:37,5:03,11.88,820.0,170,,,2014-02-10-1827.gpx
2014-02-05 18:30:10,Rowing,,6.41,30:00,4:41,12.82,366.805555555555,0,,,
2014-02-03 18:19:46,Running,,9.93,51:19,5:10,11.61,818.0,173,,,2014-02-03-1819.gpx
2014-01-25 12:08:41,Running,,9.55,48:47,5:07,11.74,784.0,153,,,2014-01-25-1208.gpx
2013-12-16 18:34:29,Running,,9.37,47:51,5:06,11.75,742.0,157,,,2013-12-16-1834.gpx
2013-11-28 18:10:42,Running,,9.29,47:51,5:09,11.65,764.0,150,,,2013-11-28-1810.gpx
2013-10-14 18:21:24,Running,,9.41,48:41,5:10,11.60,776.0,168,,,2013-10-14-1821.gpx
2013-08-22 18:59:59,Running,,10.16,55:53,5:30,10.90,848.0,163,,,2013-08-22-1859.gpx
2012-09-26 18:48:29,Running,,16.70,1:32:00,5:31,10.89,1343.9,0,,,
2012-09-24 18:42:58,Running,,11.78,59:08,5:01,11.95,932.0,133,,,2012-09-24-1842.gpx
2012-09-19 19:00:44,Running,,13.11,1:03:08,4:49,12.46,983.0,134,,,2012-09-19-1900.gpx
2012-09-15 12:08:11,Running,,16.01,1:29:17,5:35,10.76,1269.0,179,,,2012-09-15-1208.gpx
2012-09-12 18:50:49,Running,,11.34,1:00:10,5:18,11.31,906.0,128,,,2012-09-12-1850.gpx
2012-09-08 14:46:46,Running,,10.38,58:45,5:39,10.60,844.0,162,,,2012-09-08-1446.gpx
2012-08-31 11:00:07,Running,,12.80,1:10:40,5:31,10.86,1112.0,185,,,2012-08-31-1100.gpx
2012-08-29 19:11:18,Running,,7.72,39:58,5:11,11.59,649.0,76,,,2012-08-29-1911.gpx
2012-08-27 18:28:54,Running,,8.54,45:14,5:18,11.33,731.0,144,,,2012-08-27-1828.gpx
2012-08-25 19:49:41,Running,,11.37,1:02:02,5:27,11.00,956.0,168,,,2012-08-25-1949.gpx
2012-08-20 18:37:59,Running,,9.52,54:53,5:46,10.41,857.0,156,,,2012-08-20-1837.gpx
2012-08-12 19:30:19,Running,,12.50,1:03:00,5:02,11.90,1014.65466370558,0,,,
2012-08-09 10:35:49,Running,,10.00,54:00,5:24,11.11,801.175,0,,,
2012-08-06 10:20:11,Running,,13.00,1:10:00,5:23,11.14,1040.875,0,,,
2012-08-03 10:40:14,Running,,12.50,1:04:00,5:07,11.72,1008.72842639594,0,,,
2012-08-01 10:30:56,Running,,12.00,1:09:15,5:46,10.40,971.763108221477,0,,,
2012-07-29 19:00:16,Running,,10.00,58:00,5:48,10.34,810.185402684564,0,,,
2012-07-26 19:30:38,Running,,9.20,55:00,5:59,10.04,747.523070469799,0,,,
2012-07-23 19:23:15,Running,,11.10,1:06:00,5:57,10.09,901.432046979866,0,,,
2012-07-15 19:05:00,Running,,8.10,46:00,5:41,10.57,654.96396201729,0,,,
